subject,grade,topic,subtopic_az,rub,questions,subtopic_en,subtopic_ru
Fizika,9,"Atom, nüvə və müasir fizika",Astrofizika,4,5,,
Fizika,9,"Atom, nüvə və müasir fizika",Atom və nüvə modeli,4,6,,
Fizika,9,"Atom, nüvə və müasir fizika",Fotoeffekt,4,5,,
Fizika,9,"Atom, nüvə və müasir fizika",Foton,4,5,,
Fizika,9,"Atom, nüvə və müasir fizika",Kosmologiya,4,5,,
Fizika,9,"Atom, nüvə və müasir fizika",Mexaniki rəqslər,4,7,,
Fizika,9,"Atom, nüvə və müasir fizika",Radioaktiv çevrilmələr və nüvə reaksiyaları,4,6,,
Fizika,9,"Atom, nüvə və müasir fizika",Superpozisiya prinsipi,4,6,,
Fizika,9,"Atom, nüvə və müasir fizika",Ulduzlar və qalaktikalar,4,5,,
Fizika,9,Elektrik və maqnit hadisələri,Elektromaqnit sahəsinin yüklü zərrəciyə təsiri,2,5,,
Fizika,9,Elektrik və maqnit hadisələri,İmpuls,2,5,,
Fizika,9,Elektrik və maqnit hadisələri,İmpulsun saxlanması qanunu,2,5,,
Fizika,9,Elektrik və maqnit hadisələri,Kondensatorların birləşdirilməsi,2,5,,
Fizika,9,Elektrik və maqnit hadisələri,Mexaniki enerjinin saxlanması,2,5,,
Fizika,9,Elektrik və maqnit hadisələri,"Mexaniki iş, enerji və güc",2,5,,
Fizika,9,Elektrik və maqnit hadisələri,Sabit cərəyan dövrələri,2,5,,
Fizika,9,Elektrik və maqnit hadisələri,Təzyiq,2,5,,
Fizika,9,Elektrik və maqnit hadisələri,Yarımkeçirici cihazlar,2,5,,
Fizika,9,Elektrik və maqnit hadisələri,Yarımkeçiricilər,2,5,,
Fizika,9,Fiziki kəmiyyətlər və mexanika,Dinamika,1,5,,
Fizika,9,Fiziki kəmiyyətlər və mexanika,Düzxətli bərabərsürətli və dəyişənsürətli hərəkət,1,5,,
Fizika,9,Fiziki kəmiyyətlər və mexanika,Elektrik potensialı və potensiallar fərqi,1,5,,
Fizika,9,Fiziki kəmiyyətlər və mexanika,Elektrik sahəsi,1,5,,
Fizika,9,Fiziki kəmiyyətlər və mexanika,Elektrik sahəsinin intensivliyi,1,5,,
Fizika,9,Fiziki kəmiyyətlər və mexanika,Elektrik tutumu,1,5,,
Fizika,9,Fiziki kəmiyyətlər və mexanika,Hərəkət tənlikləri,1,5,,
Fizika,9,Fiziki kəmiyyətlər və mexanika,Kinematika,1,5,,
Fizika,9,Fiziki kəmiyyətlər və mexanika,Kondensator,1,5,,
Fizika,9,Fiziki kəmiyyətlər və mexanika,Nyuton qanunları,1,5,,
Fizika,9,"İstilik, dalğalar və optika",Elektromaqnit induksiyası,3,5,,
Fizika,9,"İstilik, dalğalar və optika",Elektromaqnit rəqsləri,3,5,,
Fizika,9,"İstilik, dalğalar və optika",Faradey qanunu,3,5,,
Fizika,9,"İstilik, dalğalar və optika",İdeal qaz,3,6,,
Fizika,9,"İstilik, dalğalar və optika",Kvant fizikası,3,5,,
Fizika,9,"İstilik, dalğalar və optika",Lorens qüvvəsi,3,5,,
Fizika,9,"İstilik, dalğalar və optika",Qaz tənlikləri və qaz qanunları,3,7,,
Fizika,9,"İstilik, dalğalar və optika",Termodinamikanın birinci qanunu,3,6,,
Fizika,9,"İstilik, dalğalar və optika",Termodinamikanın ikinci qanunu,3,6,,
İnformatika,9,Alqoritmlər və proqramlaşdırma,Abstraksiya,3,4,,
İnformatika,9,Alqoritmlər və proqramlaşdırma,Ağac informasiya modelləri,3,7,,
İnformatika,9,Alqoritmlər və proqramlaşdırma,Alqoritm,3,5,,
İnformatika,9,Alqoritmlər və proqramlaşdırma,Alqoritmin effektivliyi və korrektliyi,3,4,,
İnformatika,9,Alqoritmlər və proqramlaşdırma,Alqoritmlərin qurulması,3,7,,
İnformatika,9,Alqoritmlər və proqramlaşdırma,"Alqoritmlərin söz, işarə və blok-sxemlə təqdim edilməsi",3,6,,
İnformatika,9,Alqoritmlər və proqramlaşdırma,Alqoritmlərin təqdimetmə üsulları,3,6,,
İnformatika,9,Alqoritmlər və proqramlaşdırma,Budaqlanma,3,6,,
İnformatika,9,Alqoritmlər və proqramlaşdırma,Doğruluq cədvəlləri,3,7,,
İnformatika,9,Alqoritmlər və proqramlaşdırma,Dövr,3,6,,
İnformatika,9,Alqoritmlər və proqramlaşdırma,Fayllarla iş,3,4,,
İnformatika,9,Alqoritmlər və proqramlaşdırma,Formallaşdırma və modelləşdirmə,3,19,,
İnformatika,9,Alqoritmlər və proqramlaşdırma,Hərəkətlər və göstərişlər ardıcıllığı,3,5,,
İnformatika,9,Alqoritmlər və proqramlaşdırma,Hərflərin və sözlərin yazılması,3,5,,
İnformatika,9,Alqoritmlər və proqramlaşdırma,İkilik axtarış,3,4,,
İnformatika,9,Alqoritmlər və proqramlaşdırma,"Lokal, qlobal və formal dəyişənlər",3,4,,
İnformatika,9,Alqoritmlər və proqramlaşdırma,Mətn redaktoru,3,5,,
İnformatika,9,Alqoritmlər və proqramlaşdırma,Mülahizə və məntiqi ifadə,3,7,,
İnformatika,9,Alqoritmlər və proqramlaşdırma,Obyekt-yönlü proqramlaşdırma,3,3,,
İnformatika,9,Alqoritmlər və proqramlaşdırma,Obyektin qrafik formada təqdim edilməsi,3,6,,
İnformatika,9,Alqoritmlər və proqramlaşdırma,Obyektin sözlə təqdim edilməsi,3,5,,
İnformatika,9,Alqoritmlər və proqramlaşdırma,Öncə-dərinliyinə axtarış — DFS,3,4,,
İnformatika,9,Alqoritmlər və proqramlaşdırma,Öncə-eninə axtarış — BFS,3,3,,
İnformatika,9,Alqoritmlər və proqramlaşdırma,Oxşar və fərqli əlamətlər,3,5,,
İnformatika,9,Alqoritmlər və proqramlaşdırma,Parçalanma — dekompozisiya,3,6,,
İnformatika,9,Alqoritmlər və proqramlaşdırma,Proqram təminatı layihəsi,3,3,,
İnformatika,9,Alqoritmlər və proqramlaşdırma,Proqram təminatının sənədləşdirilməsi,3,3,,
İnformatika,9,Alqoritmlər və proqramlaşdırma,Proqram və proqram simgəsi,3,5,,
İnformatika,9,Alqoritmlər və proqramlaşdırma,Proqramın təhlili və layihələndirilməsi,3,3,,
İnformatika,9,Alqoritmlər və proqramlaşdırma,Proqramlaşdırma mühitində icraçı,3,6,,
İnformatika,9,Alqoritmlər və proqramlaşdırma,Qrafik redaktor,3,5,,
İnformatika,9,Alqoritmlər və proqramlaşdırma,Sadə proqramlaşdırma,3,7,,
İnformatika,9,Alqoritmlər və proqramlaşdırma,Sadə şəkillər və həndəsi fiqurlar,3,5,,
İnformatika,9,Alqoritmlər və proqramlaşdırma,Seçməli və qabarcıqlı çeşidləmə,3,4,,
İnformatika,9,Alqoritmlər və proqramlaşdırma,Şərt və mürəkkəb şərt,3,6,,
İnformatika,9,Alqoritmlər və proqramlaşdırma,Səs redaktoru və səs faylı,3,7,,
İnformatika,9,Alqoritmlər və proqramlaşdırma,"Sətir, siyahı, massiv, stek, növbə və lüğət",3,4,,
İnformatika,9,Alqoritmlər və proqramlaşdırma,"Şrift, şriftin ölçüsü və rəngi",3,5,,
İnformatika,9,Alqoritmlər və proqramlaşdırma,Təkrarlardan istifadə edilən alqoritmlər,3,6,,
İnformatika,9,Alqoritmlər və proqramlaşdırma,Veb-sayt və sayt konstruktoru,3,6,,
İnformatika,9,Alqoritmlər və proqramlaşdırma,"Verilənlər bazasında cədvəl, sahə və yazı",3,7,,
İnformatika,9,Alqoritmlər və proqramlaşdırma,"VƏ, VƏYA və DEYİL məntiqi əməlləri",3,7,,
İnformatika,9,Alqoritmlər və proqramlaşdırma,Xətti və budaqlanan alqoritmlər,3,6,,
İnformatika,9,İnformasiya və kompüter sistemləri,Ağıllı ev,1,4,,
İnformatika,9,İnformasiya və kompüter sistemləri,ASCII və Unicode,1,6,,
İnformatika,9,İnformasiya və kompüter sistemləri,Bulud saxlama vasitələri,1,5,,
İnformatika,9,İnformasiya və kompüter sistemləri,Cədvəl informasiya modelləri,1,7,,
İnformatika,9,İnformasiya və kompüter sistemləri,"CREATE, INSERT, UPDATE və DELETE sorğuları",1,4,,
İnformatika,9,İnformasiya və kompüter sistemləri,Dizüstü kompüter,1,4,,
İnformatika,9,İnformasiya və kompüter sistemləri,Elektron cədvəllərdə məntiqi funksiyalar,1,7,,
İnformatika,9,İnformasiya və kompüter sistemləri,Ədədi orta,1,4,,
İnformatika,9,İnformasiya və kompüter sistemləri,Hartli və Şennon düsturları,1,4,,
İnformatika,9,İnformasiya və kompüter sistemləri,İkilik say sistemi,1,6,,
İnformatika,9,İnformasiya və kompüter sistemləri,İnformasiya mənbəyi və informasiya qəbuledicisi,1,22,,
İnformatika,9,İnformasiya və kompüter sistemləri,İnformasiyanın miqdarı,1,4,,
İnformatika,9,İnformasiya və kompüter sistemləri,İnformasiyanın müxtəlif formalarda təqdim edilməsi,1,5,,
İnformatika,9,İnformasiya və kompüter sistemləri,İnformasiyanın ötürülmə üsulları,1,25,,
İnformatika,9,İnformasiya və kompüter sistemləri,İnformasiyanın saxlanması və ötürülməsi,1,4,,
İnformatika,9,İnformasiya və kompüter sistemləri,"İnformasiyanın saxlanması, ötürülməsi və emalı",1,4,,
İnformatika,9,İnformasiya və kompüter sistemləri,İnformasiyanın toplanması və emalı,1,5,,
İnformatika,9,İnformasiya və kompüter sistemləri,"İnformasiyanın vizual, səs, qoxu, dad və taktil növləri",1,5,,
İnformatika,9,İnformasiya və kompüter sistemləri,İnformasiyanın xassələri,1,5,,
İnformatika,9,İnformasiya və kompüter sistemləri,"Kağız, maqnit və optik informasiya daşıyıcıları",1,5,,
İnformatika,9,İnformasiya və kompüter sistemləri,"Kod, kodlaşdırma və dekodlaşdırma",1,21,,
İnformatika,9,İnformasiya və kompüter sistemləri,Kodlaşdırılmış informasiyanın oxunması,1,4,,
İnformatika,9,İnformasiya və kompüter sistemləri,Kompüter qurğuları,1,5,,
İnformatika,9,İnformasiya və kompüter sistemləri,Kompüter qurğuları və onların təyinatı,1,5,,
İnformatika,9,İnformasiya və kompüter sistemləri,Kompüter və digər elektron cihazlar,1,4,,
İnformatika,9,İnformasiya və kompüter sistemləri,Kompüter yaddaşı və informasiya daşıyıcıları,1,6,,
İnformatika,9,İnformasiya və kompüter sistemləri,Kompüterin giriş qurğuları,1,23,,
İnformatika,9,İnformasiya və kompüter sistemləri,Kompüterlərin nəsilləri,1,4,,
İnformatika,9,İnformasiya və kompüter sistemləri,Kütləvi informasiya vasitələri,1,24,,
İnformatika,9,İnformasiya və kompüter sistemləri,Masaüstü kompüter,1,4,,
İnformatika,9,İnformasiya və kompüter sistemləri,Median,1,4,,
İnformatika,9,İnformasiya və kompüter sistemləri,"Məlumat, xəbər və informasiya",1,5,,
İnformatika,9,İnformasiya və kompüter sistemləri,"Mətn, cədvəl, şəkil və diaqram",1,5,,
İnformatika,9,İnformasiya və kompüter sistemləri,Mətnin kodlaşdırılması,1,6,,
İnformatika,9,İnformasiya və kompüter sistemləri,Məzmun və əlifba yanaşması,1,4,,
İnformatika,9,İnformasiya və kompüter sistemləri,Moda,1,4,,
İnformatika,9,İnformasiya və kompüter sistemləri,Monitor,1,3,,
İnformatika,9,İnformasiya və kompüter sistemləri,Onaltılıq say sistemi,1,7,,
İnformatika,9,İnformasiya və kompüter sistemləri,Rastr informasiyanın kodlaşdırılması,1,4,,
İnformatika,9,İnformasiya və kompüter sistemləri,Rastr və vektor qrafikası,1,8,,
İnformatika,9,İnformasiya və kompüter sistemləri,"Rebus, şəkil və şərti işarələr",1,4,,
İnformatika,9,İnformasiya və kompüter sistemləri,Relyasiyalı verilənlər bazası,1,4,,
İnformatika,9,İnformasiya və kompüter sistemləri,Rəng dərinliyi və RGB,1,4,,
İnformatika,9,İnformasiya və kompüter sistemləri,Rəng modelləri,1,8,,
İnformatika,9,İnformasiya və kompüter sistemləri,Say sistemləri,1,8,,
İnformatika,9,İnformasiya və kompüter sistemləri,Səs və videoinformasiyanın həcmi,1,4,,
İnformatika,9,İnformasiya və kompüter sistemləri,Səs və videonun kodlaşdırılması,1,8,,
İnformatika,9,İnformasiya və kompüter sistemləri,Sistem bloku,1,4,,
İnformatika,9,İnformasiya və kompüter sistemləri,SQL,1,4,,
İnformatika,9,İnformasiya və kompüter sistemləri,"Tamlıq, aktuallıq, anlaşıqlılıq, obyektivlik və etibarlılıq",1,5,,
İnformatika,9,İnformasiya və kompüter sistemləri,Verilənlər bazası və verilənlər bazası cədvəlləri,1,7,,
İnformatika,9,İnformasiya və kompüter sistemləri,Verilənlər yığını,1,11,,
İnformatika,9,İnformasiya və kompüter sistemləri,Verilənlərin cədvəl və diaqramla təqdim edilməsi,1,5,,
İnformatika,9,"Rəqəmsal alətlər, media və verilənlər",Ağıllı şəhər,2,4,,
İnformatika,9,"Rəqəmsal alətlər, media və verilənlər",Antivirus proqramları,2,6,,
İnformatika,9,"Rəqəmsal alətlər, media və verilənlər",Artırılmış reallıq,2,7,,
İnformatika,9,"Rəqəmsal alətlər, media və verilənlər","Baş menyu, proqram menyusu və kontekst menyusu",2,5,,
İnformatika,9,"Rəqəmsal alətlər, media və verilənlər",Blok-sxem və psevdokod,2,4,,
İnformatika,9,"Rəqəmsal alətlər, media və verilənlər",Düzgün oturuş və müntəzəm fasilə,2,5,,
İnformatika,9,"Rəqəmsal alətlər, media və verilənlər",Elektron cədvəl proqramı,2,6,,
İnformatika,9,"Rəqəmsal alətlər, media və verilənlər",Elektron cədvəllər,2,13,,
İnformatika,9,"Rəqəmsal alətlər, media və verilənlər",Elektron cədvəllərdə riyazi funksiyalar,2,7,,
İnformatika,9,"Rəqəmsal alətlər, media və verilənlər",Əməliyyat sistemi,2,13,,
İnformatika,9,"Rəqəmsal alətlər, media və verilənlər",Əməliyyat sistemlərinin təsnifatı,2,4,,
İnformatika,9,"Rəqəmsal alətlər, media və verilənlər",Əşyaların interneti,2,4,,
İnformatika,9,"Rəqəmsal alətlər, media və verilənlər",Fayl və qovluq,2,4,,
İnformatika,9,"Rəqəmsal alətlər, media və verilənlər",Fayl və qovluqlar üzərində əməliyyatlar,2,5,,
İnformatika,9,"Rəqəmsal alətlər, media və verilənlər",Fayl və qovluqların idarə edilməsi,2,7,,
İnformatika,9,"Rəqəmsal alətlər, media və verilənlər",İş masası və onun elementləri,2,5,,
İnformatika,9,"Rəqəmsal alətlər, media və verilənlər",Klaviatura,2,5,,
İnformatika,9,"Rəqəmsal alətlər, media və verilənlər",Kompüter modeli,2,4,,
İnformatika,9,"Rəqəmsal alətlər, media və verilənlər",Kompüter otağında davranış və texniki təhlükəsizlik,2,5,,
İnformatika,9,"Rəqəmsal alətlər, media və verilənlər",Kompüter qurğuları və multimedia qurğuları,2,7,,
İnformatika,9,"Rəqəmsal alətlər, media və verilənlər",Kompüter şəbəkələri,2,6,,
İnformatika,9,"Rəqəmsal alətlər, media və verilənlər",Kompüter şəbəkəsinin layihələndirilməsi,2,4,,
İnformatika,9,"Rəqəmsal alətlər, media və verilənlər",Kompüterin çıxış qurğuları,2,5,,
İnformatika,9,"Rəqəmsal alətlər, media və verilənlər",Kompüterin işə salınması və söndürülməsi,2,4,,
İnformatika,9,"Rəqəmsal alətlər, media və verilənlər",Kriptoqrafiyanın əsasları,2,7,,
İnformatika,9,"Rəqəmsal alətlər, media və verilənlər",Məntiq cəbri,2,4,,
İnformatika,9,"Rəqəmsal alətlər, media və verilənlər",Məntiqi ifadələr və doğruluq cədvəli,2,4,,
İnformatika,9,"Rəqəmsal alətlər, media və verilənlər",Mətn sənədinin yaradılması və redaktəsi,2,5,,
İnformatika,9,"Rəqəmsal alətlər, media və verilənlər","Mətn, qrafika və multimedia",2,6,,
İnformatika,9,"Rəqəmsal alətlər, media və verilənlər","Mətn, qrafika və təqdimat materialları",2,6,,
İnformatika,9,"Rəqəmsal alətlər, media və verilənlər",Mətnin sadə formatlaşdırılması,2,4,,
İnformatika,9,"Rəqəmsal alətlər, media və verilənlər",Mülahizə,2,7,,
İnformatika,9,"Rəqəmsal alətlər, media və verilənlər",Planşet və smartfon,2,5,,
İnformatika,9,"Rəqəmsal alətlər, media və verilənlər",Proqram pəncərəsi və onun elementləri,2,4,,
İnformatika,9,"Rəqəmsal alətlər, media və verilənlər",Qrafik redaktorda mürəkkəb şəkillər,2,5,,
İnformatika,9,"Rəqəmsal alətlər, media və verilənlər",Qrafik redaktorda şəkillərin hazırlanması,2,4,,
İnformatika,9,"Rəqəmsal alətlər, media və verilənlər",Reqressiya modeli,2,4,,
İnformatika,9,"Rəqəmsal alətlər, media və verilənlər",Robot sistemləri,2,4,,
İnformatika,9,"Rəqəmsal alətlər, media və verilənlər",Sensorlar və NFC,2,4,,
İnformatika,9,"Rəqəmsal alətlər, media və verilənlər",Siçan,2,5,,
İnformatika,9,"Rəqəmsal alətlər, media və verilənlər",Sistem proqram təminatı,2,6,,
İnformatika,9,"Rəqəmsal alətlər, media və verilənlər",Təqdimat proqramı,2,6,,
İnformatika,9,"Rəqəmsal alətlər, media və verilənlər",Tətbiqi proqram təminatı,2,6,,
İnformatika,9,"Rəqəmsal alətlər, media və verilənlər","Tətbiqi, sistem və aparat təminatı",2,4,,
İnformatika,9,"Rəqəmsal alətlər, media və verilənlər",Trend əyrisi,2,4,,
İnformatika,9,"Rəqəmsal alətlər, media və verilənlər",Verilənlər bazası,2,7,,
İnformatika,9,"Rəqəmsal alətlər, media və verilənlər",Virtual reallıq,2,7,,
İnformatika,9,"Şəbəkə, təhlükəsizlik və yeni texnologiyalar","“İrəli”, “geri”, “sağa” və “sola” komandaları",4,5,,
İnformatika,9,"Şəbəkə, təhlükəsizlik və yeni texnologiyalar",Addım-addım göstərişlər,4,5,,
İnformatika,9,"Şəbəkə, təhlükəsizlik və yeni texnologiyalar",Alqoritmlərdə şərt və dövr,4,7,,
İnformatika,9,"Şəbəkə, təhlükəsizlik və yeni texnologiyalar",Biometrik təhlükəsizlik,4,6,,
İnformatika,9,"Şəbəkə, təhlükəsizlik və yeni texnologiyalar",Budaqlanan alqoritm,4,5,,
İnformatika,9,"Şəbəkə, təhlükəsizlik və yeni texnologiyalar",Elektron hökumət,4,4,,
İnformatika,9,"Şəbəkə, təhlükəsizlik və yeni texnologiyalar",Elektron poçt,4,7,,
İnformatika,9,"Şəbəkə, təhlükəsizlik və yeni texnologiyalar",Elektron poçt və qoşma fayl,4,6,,
İnformatika,9,"Şəbəkə, təhlükəsizlik və yeni texnologiyalar",Hadisələr və hərəkətlər ardıcıllığı,4,5,,
İnformatika,9,"Şəbəkə, təhlükəsizlik və yeni texnologiyalar",Haker hücumları və kibercinayətkarlıq,4,4,,
İnformatika,9,"Şəbəkə, təhlükəsizlik və yeni texnologiyalar",İcraçı və icraçının komandaları,4,5,,
İnformatika,9,"Şəbəkə, təhlükəsizlik və yeni texnologiyalar",İnformasiya texnologiyalarının tətbiq sahələri,4,5,,
İnformatika,9,"Şəbəkə, təhlükəsizlik və yeni texnologiyalar",İnformasiya təhlükəsizliyi,4,12,,
İnformatika,9,"Şəbəkə, təhlükəsizlik və yeni texnologiyalar",İnternet bağlantısı,4,6,,
İnformatika,9,"Şəbəkə, təhlükəsizlik və yeni texnologiyalar",İnternet və brauzer,4,6,,
İnformatika,9,"Şəbəkə, təhlükəsizlik və yeni texnologiyalar",İstifadəçi adı və parol,4,6,,
İnformatika,9,"Şəbəkə, təhlükəsizlik və yeni texnologiyalar",JavaScript və interaktiv veb-səhifələr,4,4,,
İnformatika,9,"Şəbəkə, təhlükəsizlik və yeni texnologiyalar",Kriptovalyuta,4,3,,
İnformatika,9,"Şəbəkə, təhlükəsizlik və yeni texnologiyalar",Məntiqi məsələlərin həll alqoritmi,4,7,,
İnformatika,9,"Şəbəkə, təhlükəsizlik və yeni texnologiyalar",Müəlliflik hüququ və rəqəmsal davranış,4,7,,
İnformatika,9,"Şəbəkə, təhlükəsizlik və yeni texnologiyalar",Parol və giriş məlumatlarının qorunması,4,5,,
İnformatika,9,"Şəbəkə, təhlükəsizlik və yeni texnologiyalar",Proqram kodunun keyfiyyəti,4,3,,
İnformatika,9,"Şəbəkə, təhlükəsizlik və yeni texnologiyalar",Proqram təminatı piratçılığı və müəlliflik hüququ,4,3,,
İnformatika,9,"Şəbəkə, təhlükəsizlik və yeni texnologiyalar",Proqramdakı yanlışlıqların müəyyən edilməsi,4,5,,
İnformatika,9,"Şəbəkə, təhlükəsizlik və yeni texnologiyalar",Proqramlaşdırma dillərinin müqayisəsi,4,3,,
İnformatika,9,"Şəbəkə, təhlükəsizlik və yeni texnologiyalar",Proqramlaşdırmada dəyişənlər və şərtlər,4,7,,
İnformatika,9,"Şəbəkə, təhlükəsizlik və yeni texnologiyalar",Proqramlaşdırmada siyahılar və verilənlər,4,7,,
İnformatika,9,"Şəbəkə, təhlükəsizlik və yeni texnologiyalar",Prosedur və funksiya,4,6,,
İnformatika,9,"Şəbəkə, təhlükəsizlik və yeni texnologiyalar",Qrafik kitabxanalar,4,4,,
İnformatika,9,"Şəbəkə, təhlükəsizlik və yeni texnologiyalar",Rekursiya,4,4,,
İnformatika,9,"Şəbəkə, təhlükəsizlik və yeni texnologiyalar",Sayt və elektron poçt,4,6,,
İnformatika,9,"Şəbəkə, təhlükəsizlik və yeni texnologiyalar",Şəbəkə və internet,4,5,,
İnformatika,9,"Şəbəkə, təhlükəsizlik və yeni texnologiyalar",Şəbəkə və internet təhlükəsizliyi,4,7,,
İnformatika,9,"Şəbəkə, təhlükəsizlik və yeni texnologiyalar",Şəxsi məlumatlar,4,6,,
İnformatika,9,"Şəbəkə, təhlükəsizlik və yeni texnologiyalar",Şəxsi məlumatların mühafizəsi,4,7,,
İnformatika,9,"Şəbəkə, təhlükəsizlik və yeni texnologiyalar","Sinif, obyekt, xassə və metod",4,3,,
İnformatika,9,"Şəbəkə, təhlükəsizlik və yeni texnologiyalar",Spam və internet fırıldaqçılığı,4,6,,
İnformatika,9,"Şəbəkə, təhlükəsizlik və yeni texnologiyalar",Veb-saytın qiymətləndirilməsi,4,3,,
İnformatika,9,"Şəbəkə, təhlükəsizlik və yeni texnologiyalar",Veb-saytın strukturu,4,6,,
İnformatika,9,"Şəbəkə, təhlükəsizlik və yeni texnologiyalar","Veb-server, domen və hostinq",4,3,,
İnformatika,9,"Şəbəkə, təhlükəsizlik və yeni texnologiyalar",Verilənlər bazasının proqramlaşdırılması,4,4,,
İnformatika,9,"Şəbəkə, təhlükəsizlik və yeni texnologiyalar",Verilənlərin ehtiyat üzünün yaradılması,4,5,,
İnformatika,9,"Şəbəkə, təhlükəsizlik və yeni texnologiyalar",Xətti alqoritm,4,5,,
İnformatika,9,"Şəbəkə, təhlükəsizlik və yeni texnologiyalar",Ziyanverici proqramlar,4,6,,
İngilis dili,9,Danışma və qarşılıqlı ünsiyyət,Ailə və məktəblə bağlı sözlər,2,9,,
İngilis dili,9,Danışma və qarşılıqlı ünsiyyət,Cümlələrin düzgün intonasiya ilə tələffüzü,2,8,,
İngilis dili,9,Danışma və qarşılıqlı ünsiyyət,Cümlələrin və nitq etiketlərinin düzgün tələffüzü,2,8,,
İngilis dili,9,Danışma və qarşılıqlı ünsiyyət,Fikrin müxtəlif formalarda ifadə edilməsi,2,9,,
İngilis dili,9,Danışma və qarşılıqlı ünsiyyət,Kiçikhəcmli dialoqlar,2,9,,
İngilis dili,9,Danışma və qarşılıqlı ünsiyyət,Kiçikhəcmli mətnlərin danışılması,2,8,,
İngilis dili,9,Danışma və qarşılıqlı ünsiyyət,Kiçikhəcmli nitq nümunələrinin tələffüzü,2,8,,
İngilis dili,9,Danışma və qarşılıqlı ünsiyyət,Mənzil və yaşayış yeri ilə bağlı sözlər,2,9,,
İngilis dili,9,Danışma və qarşılıqlı ünsiyyət,Mətndə yeni sözlərin müəyyən edilməsi,2,8,,
İngilis dili,9,Danışma və qarşılıqlı ünsiyyət,"Mətnin giriş, əsas hissə və nəticəyə ayrılması",2,8,,
İngilis dili,9,Danışma və qarşılıqlı ünsiyyət,"Mətnin ton, temp, ritm və fasilə ilə oxunması",2,8,,
İngilis dili,9,Danışma və qarşılıqlı ünsiyyət,Mövzu üzrə fikirlərin ifadə edilməsi,2,8,,
İngilis dili,9,Danışma və qarşılıqlı ünsiyyət,Müxtəlif mövzulu dialoqlar,2,9,,
İngilis dili,9,Danışma və qarşılıqlı ünsiyyət,Sadə cümlələrin tələffüzü,2,8,,
İngilis dili,9,Danışma və qarşılıqlı ünsiyyət,Sadə sözlərin tələffüzü,2,8,,
İngilis dili,9,Danışma və qarşılıqlı ünsiyyət,Səs və səs birləşmələrinin təkrarı,2,8,,
İngilis dili,9,Danışma və qarşılıqlı ünsiyyət,Söz birləşmələri və sadə cümlələrin tələffüzü,2,9,,
İngilis dili,9,Danışma və qarşılıqlı ünsiyyət,Söz və ifadələrin seçilməsi və qruplaşdırılması,2,8,,
İngilis dili,9,Danışma və qarşılıqlı ünsiyyət,Söz və söz birləşmələrinin tələffüzü,2,8,,
İngilis dili,9,Danışma və qarşılıqlı ünsiyyət,Sözlərin morfoloji xüsusiyyətlərinə görə qruplaşdırılması,2,8,,
İngilis dili,9,Danışma və qarşılıqlı ünsiyyət,Zaman və məkan anlayışları,2,9,,
İngilis dili,9,Dinləyib-anlama,Adı eşidilən əşyaların şəkillərdə seçilməsi,1,8,,
İngilis dili,9,Dinləyib-anlama,Dialoqlarda nitq etiketləri,1,6,,
İngilis dili,9,Dinləyib-anlama,Dinlənilən mətn üzrə sadə tapşırıqlar,1,8,,
İngilis dili,9,Dinləyib-anlama,Dinlənilən mətndə əsas fikrin müəyyən edilməsi,1,7,,
İngilis dili,9,Dinləyib-anlama,Dinlənilən mətndə yeni informasiyanın müəyyən edilməsi,1,9,,
İngilis dili,9,Dinləyib-anlama,Dinlənilən mətndə yeni söz və ifadələrin seçilməsi,1,8,,
İngilis dili,9,Dinləyib-anlama,Əşya və hadisələrin əlamətlərinə görə fərqləndirilməsi,1,8,,
İngilis dili,9,Dinləyib-anlama,Əşya və hadisələrin şəkillərdə seçilməsi,1,9,,
İngilis dili,9,Dinləyib-anlama,Əşyaların əlamətlərinə görə fərqləndirilməsi,1,8,,
İngilis dili,9,Dinləyib-anlama,Kiçikhəcmli sadə mətnlərin dinlənilməsi,1,8,,
İngilis dili,9,Dinləyib-anlama,Mətn üzrə sualların tərtib edilməsi,1,9,,
İngilis dili,9,Dinləyib-anlama,Müraciətlərə uyğun tapşırıqların icrası,1,6,,
İngilis dili,9,Dinləyib-anlama,Müraciətlərin başa düşülməsi,1,8,,
İngilis dili,9,Dinləyib-anlama,Nitq etiketlərinin fərqləndirilməsi,1,9,,
İngilis dili,9,Dinləyib-anlama,Nitq modelləri,1,6,,
İngilis dili,9,Dinləyib-anlama,Sadə müraciətlərin başa düşülməsi,1,9,,
İngilis dili,9,Dinləyib-anlama,Sadə sualların cavablandırılması,1,9,,
İngilis dili,9,Dinləyib-anlama,Sinifdaxili müraciətlərin başa düşülməsi,1,8,,
İngilis dili,9,Dinləyib-anlama,Söz və ifadələrin leksik-semantik mənası,1,8,,
İngilis dili,9,Dinləyib-anlama,Tapşırıq xarakterli müraciətlərin başa düşülməsi,1,8,,
İngilis dili,9,Dinləyib-anlama,Yeni söz və ifadələrdən istifadə,1,8,,
İngilis dili,9,Dinləyib-anlama,Yeni sözlərin mövzuya uyğun işlədilməsi,1,8,,
İngilis dili,9,Oxu və mətnlə iş,Əşya və hadisələrə münasibət bildirilməsi,3,8,,
İngilis dili,9,Oxu və mətnlə iş,Əşya və hadisələrin təsviri,3,13,,
İngilis dili,9,Oxu və mətnlə iş,"Əşya, hadisə və situasiyaların təsviri",3,8,,
İngilis dili,9,Oxu və mətnlə iş,Əşyaların forma və kəmiyyətinin ifadə edilməsi,3,12,,
İngilis dili,9,Oxu və mətnlə iş,Əşyaların həcminin və rənginin ifadə edilməsi,3,12,,
İngilis dili,9,Oxu və mətnlə iş,"Əşyaların keyfiyyəti, görünüşü və məkanı",3,8,,
İngilis dili,9,Oxu və mətnlə iş,"Hərf, hərf birləşməsi və sözlərin oxunması",3,9,,
İngilis dili,9,Oxu və mətnlə iş,Kiçikhəcmli mətnlərin yazılması,3,8,,
İngilis dili,9,Oxu və mətnlə iş,Mətn hissələri arasındakı məntiqi ardıcıllıq,3,9,,
İngilis dili,9,Oxu və mətnlə iş,Mətn üzrə sualların cavablandırılması,3,8,,
İngilis dili,9,Oxu və mətnlə iş,Mətn üzrə sualların hazırlanması,3,9,,
İngilis dili,9,Oxu və mətnlə iş,Mətnin bütöv hissələrinin fərqləndirilməsi,3,9,,
İngilis dili,9,Oxu və mətnlə iş,Mətnin əsas fikri,3,8,,
İngilis dili,9,Oxu və mətnlə iş,Mövzu üzrə yazılı fikir,3,8,,
İngilis dili,9,Oxu və mətnlə iş,Orfoqrafiya qaydaları,3,8,,
İngilis dili,9,Oxu və mətnlə iş,Şəkil və situasiyaların təsviri,3,8,,
İngilis dili,9,Oxu və mətnlə iş,Şəkildəki əşyaların və ətrafdakıların adlandırılması,3,13,,
İngilis dili,9,Oxu və mətnlə iş,Sözlərin məna və qrammatik cəhətdən əlaqələndirilməsi,3,8,,
İngilis dili,9,Oxu və mətnlə iş,Sualvermə bacarığı,3,9,,
İngilis dili,9,Yazı və dil qaydaları,Afişa,4,8,,
İngilis dili,9,Yazı və dil qaydaları,Böyük və kiçik hərflərin yazılışı,4,12,,
İngilis dili,9,Yazı və dil qaydaları,Dəvətnamə,4,8,,
İngilis dili,9,Yazı və dil qaydaları,Elan,4,12,,
İngilis dili,9,Yazı və dil qaydaları,Əşya və hadisələrin təsviri,4,9,,
İngilis dili,9,Yazı və dil qaydaları,Əşyaların sadə sözlərlə təsviri,4,12,,
İngilis dili,9,Yazı və dil qaydaları,Hərf elementlərinin düzgün yazılması,4,13,,
İngilis dili,9,Yazı və dil qaydaları,"Hərf, söz və sadə cümlələrin yazılması",4,13,,
İngilis dili,9,Yazı və dil qaydaları,Kiçikhəcmli mətnlərin düzgün və sürətli oxunması,4,8,,
İngilis dili,9,Yazı və dil qaydaları,Kiçikhəcmli mətnlərin oxunması,4,12,,
İngilis dili,9,Yazı və dil qaydaları,Kiçikhəcmli mətnlərin yazılması,4,9,,
İngilis dili,9,Yazı və dil qaydaları,Məktub,4,13,,
İngilis dili,9,Yazı və dil qaydaları,Sadə cümlələrin qurulması,4,13,,
İngilis dili,9,Yazı və dil qaydaları,Sadə cümlələrin yazılması,4,8,,
İngilis dili,9,Yazı və dil qaydaları,Sadə nitq etiketləri,4,12,,
İngilis dili,9,Yazı və dil qaydaları,Sadə nitq etiketlərindən istifadə,4,13,,
Məntiq,9,Alqoritmik düşüncə,Addım-addım göstərişlər,3,11,,
Məntiq,9,Alqoritmik düşüncə,Ağac modelləri,3,9,,
Məntiq,9,Alqoritmik düşüncə,Alqoritmin effektivliyi,3,7,,
Məntiq,9,Alqoritmik düşüncə,Alqoritmin korrektliyi,3,7,,
Məntiq,9,Alqoritmik düşüncə,Alqoritmin söz və işarələrlə təqdim edilməsi,3,11,,
Məntiq,9,Alqoritmik düşüncə,Alqoritmlərin müqayisəsi,3,7,,
Məntiq,9,Alqoritmik düşüncə,Asılı və asılı olmayan hadisələr,3,9,,
Məntiq,9,Alqoritmik düşüncə,Bucaqların təsnifatı,3,9,,
Məntiq,9,Alqoritmik düşüncə,Budaqlanan alqoritm,3,11,,
Məntiq,9,Alqoritmik düşüncə,Çeşidləmə alqoritmləri,3,7,,
Məntiq,9,Alqoritmik düşüncə,DFS və BFS alqoritmləri,3,7,,
Məntiq,9,Alqoritmik düşüncə,Doğruluq cədvəlləri,3,9,,
Məntiq,9,Alqoritmik düşüncə,Elementar hadisənin ehtimalı,3,8,,
Məntiq,9,Alqoritmik düşüncə,Formallaşdırma və modelləşdirmə,3,9,,
Məntiq,9,Alqoritmik düşüncə,Hadisələrin ardıcıllığı,3,11,,
Məntiq,9,Alqoritmik düşüncə,Hadisənin nəzəri və eksperimental ehtimalı,3,9,,
Məntiq,9,Alqoritmik düşüncə,İkilik say sistemi,3,8,,
Məntiq,9,Alqoritmik düşüncə,Məlumatların qruplaşdırılması və təhlili,3,9,,
Məntiq,9,Alqoritmik düşüncə,Məsələnin altməsələlərə bölünməsi,3,9,,
Məntiq,9,Alqoritmik düşüncə,Məsələnin daha sadə hissələrə bölünməsi,3,11,,
Məntiq,9,Alqoritmik düşüncə,Proqram kodunun korrektliyi və keyfiyyəti,3,7,,
Məntiq,9,Alqoritmik düşüncə,Şərt və mürəkkəb şərt,3,8,,
Məntiq,9,Alqoritmik düşüncə,Tamamlayıcı hadisələr,3,9,,
Məntiq,9,Alqoritmik düşüncə,Təkrarlanan ardıcıllıqlar,3,11,,
Məntiq,9,Alqoritmik düşüncə,Xətti alqoritm,3,11,,
Məntiq,9,Alqoritmik düşüncə,Xətti və budaqlanan alqoritmlər,3,11,,
Məntiq,9,Əlaqələr və modelləşdirmə,Ardıcıllıqların qurulması,2,11,,
Məntiq,9,Əlaqələr və modelləşdirmə,Blok-sxem və psevdokod,2,7,,
Məntiq,9,Əlaqələr və modelləşdirmə,Cədvəl və diaqramların təhlili,2,11,,
Məntiq,9,Əlaqələr və modelləşdirmə,Çoxluqlar və onlar arasındakı münasibətlər,2,8,,
Məntiq,9,Əlaqələr və modelləşdirmə,Dəyişənli ifadələr,2,9,,
Məntiq,9,Əlaqələr və modelləşdirmə,Düz və tərs mütənasiblik,2,9,,
Məntiq,9,Əlaqələr və modelləşdirmə,Ehtimal və statistik nəticəçıxarma,2,7,,
Məntiq,9,Əlaqələr və modelləşdirmə,Ekstremum və optimallaşdırma,2,7,,
Məntiq,9,Əlaqələr və modelləşdirmə,Ədədi və şəkilli ardıcıllıqlar,2,11,,
Məntiq,9,Əlaqələr və modelləşdirmə,Funksional asılılıqlar,2,9,,
Məntiq,9,Əlaqələr və modelləşdirmə,Funksiyaların müqayisəsi,2,7,,
Məntiq,9,Əlaqələr və modelləşdirmə,Hərəkət istiqamətləri,2,11,,
Məntiq,9,Əlaqələr və modelləşdirmə,İkilik axtarış,2,7,,
Məntiq,9,Əlaqələr və modelləşdirmə,Koordinat sistemi,2,8,,
Məntiq,9,Əlaqələr və modelləşdirmə,Məlumatların cədvəl modeli,2,9,,
Məntiq,9,Əlaqələr və modelləşdirmə,Məntiq cəbri və doğruluq cədvəlləri,2,7,,
Məntiq,9,Əlaqələr və modelləşdirmə,Məntiqi ifadələr,2,9,,
Məntiq,9,Əlaqələr və modelləşdirmə,Məntiqi ifadələrin sadələşdirilməsi,2,7,,
Məntiq,9,Əlaqələr və modelləşdirmə,Məntiqi mülahizələr,2,9,,
Məntiq,9,Əlaqələr və modelləşdirmə,Məqsədə çatmaq üçün göstərişlər ardıcıllığı,2,11,,
Məntiq,9,Əlaqələr və modelləşdirmə,Mülahizə və doğruluq qiyməti,2,9,,
Məntiq,9,Əlaqələr və modelləşdirmə,Mümkün və mümkün olmayan hadisələr,2,11,,
Məntiq,9,Əlaqələr və modelləşdirmə,Reqressiya və proqnozlaşdırma,2,7,,
Məntiq,9,Əlaqələr və modelləşdirmə,Sadə tənlik və bərabərsizliklər,2,9,,
Məntiq,9,Əlaqələr və modelləşdirmə,Səbəb və nəticə əlaqələri,2,9,,
Məntiq,9,Əlaqələr və modelləşdirmə,Simmetriya və sürüşmə,2,11,,
Məntiq,9,Əlaqələr və modelləşdirmə,"Simmetriya, sürüşmə və digər çevrilmələr",2,11,,
Məntiq,9,Əlaqələr və modelləşdirmə,"VƏ, VƏYA və DEYİL əməlləri",2,9,,
Məntiq,9,Məntiqi nəticə və problem həlli,Abstraksiya,4,7,,
Məntiq,9,Məntiqi nəticə və problem həlli,Alqoritmdə yanlışlığın müəyyən edilməsi və düzəldilməsi,4,11,,
Məntiq,9,Məntiqi nəticə və problem həlli,Alqoritmin düzgünlüyünün yoxlanılması,4,9,,
Məntiq,9,Məntiqi nəticə və problem həlli,Budaqlanan və dövrü alqoritmlər,4,8,,
Məntiq,9,Məntiqi nəticə və problem həlli,İnformasiya mənbəyinin etibarlılığının qiymətləndirilməsi,4,9,,
Məntiq,9,Məntiqi nəticə və problem həlli,İnternet məlumatlarına tənqidi yanaşma,4,11,,
Məntiq,9,Məntiqi nəticə və problem həlli,Məlumatlardan etik istifadə,4,7,,
Məntiq,9,Məntiqi nəticə və problem həlli,Məntiqi məsələnin həll alqoritmi,4,11,,
Məntiq,9,Məntiqi nəticə və problem həlli,Məsələnin alqoritm şəklində təqdim edilməsi,4,9,,
Məntiq,9,Məntiqi nəticə və problem həlli,Müəlliflik hüququ və rəqəmsal məsuliyyət,4,8,,
Məntiq,9,Məntiqi nəticə və problem həlli,Müəyyən əlamətlərə görə dəyişikliklərin müəyyən edilməsi,4,12,,
Məntiq,9,Məntiqi nəticə və problem həlli,Mümkün variantların sistemli müəyyən edilməsi,4,9,,
Məntiq,9,Məntiqi nəticə və problem həlli,Müxtəlif həll yollarının müqayisəsi,4,11,,
Məntiq,9,Məntiqi nəticə və problem həlli,Obyekt-yönlü düşüncə,4,7,,
Məntiq,9,Məntiqi nəticə və problem həlli,Prosedur və funksiya,4,8,,
Məntiq,9,Məntiqi nəticə və problem həlli,Rekursiv düşüncə,4,7,,
Məntiq,9,Məntiqi nəticə və problem həlli,Sadə icraçı komandaları,4,11,,
Məntiq,9,Məntiqi nəticə və problem həlli,Şərtli və dövrü alqoritmlər,4,9,,
Məntiq,9,Məntiqi nəticə və problem həlli,Şəxsi məlumatla açıq məlumatın fərqləndirilməsi,4,11,,
Məntiq,9,Məntiqi nəticə və problem həlli,SQL sorğularında məntiqi şərtlər,4,8,,
Məntiq,9,Məntiqi nəticə və problem həlli,Verilən məlumatdan nəticə çıxarılması,4,11,,
Məntiq,9,Məntiqi nəticə və problem həlli,Verilənlərin məntiqi qruplaşdırılması,4,8,,
Məntiq,9,Məntiqi nəticə və problem həlli,Verilmiş şərtlər əsasında nəticə çıxarılması,4,9,,
Məntiq,9,Təsnifat və qanunauyğunluqlar,Çoxhədlinin köklərinin araşdırılması,1,7,,
Məntiq,9,Təsnifat və qanunauyğunluqlar,Çoxluqlar cəbri,1,8,,
Məntiq,9,Təsnifat və qanunauyğunluqlar,Ədədi və həndəsi qanunauyğunluqlar,1,12,,
Məntiq,9,Təsnifat və qanunauyğunluqlar,Ədədin sadə vuruqlara ayrılması,1,9,,
Məntiq,9,Təsnifat və qanunauyğunluqlar,Əşyaların əlamətlərinə görə qruplaşdırılması,1,11,,
Məntiq,9,Təsnifat və qanunauyğunluqlar,Əşyaların oxşar və fərqli əlamətlərə görə müqayisəsi,1,12,,
Məntiq,9,Təsnifat və qanunauyğunluqlar,Əşyanın yerinin müəyyən edilməsi,1,11,,
Məntiq,9,Təsnifat və qanunauyğunluqlar,Faiz məsələləri,1,9,,
Məntiq,9,Təsnifat və qanunauyğunluqlar,Funksional asılılıq,1,9,,
Məntiq,9,Təsnifat və qanunauyğunluqlar,Həqiqi ədədlərin təsnifatı,1,10,,
Məntiq,9,Təsnifat və qanunauyğunluqlar,Kəsr və onluq kəsrlərin müqayisəsi,1,9,,
Məntiq,9,Təsnifat və qanunauyğunluqlar,Kəsrlərin modelləşdirilməsi və müqayisəsi,1,11,,
Məntiq,9,Təsnifat və qanunauyğunluqlar,Kompleks ədədlər üzərində mühakimə,1,8,,
Məntiq,9,Təsnifat və qanunauyğunluqlar,Koordinat şəbəkəsi,1,11,,
Məntiq,9,Təsnifat və qanunauyğunluqlar,Kvadrat tənlik və bərabərsizliklər,1,9,,
Məntiq,9,Təsnifat və qanunauyğunluqlar,Limit və sonsuz proseslər,1,7,,
Məntiq,9,Təsnifat və qanunauyğunluqlar,Məlumatların sıralanması və qruplaşdırılması,1,12,,
Məntiq,9,Təsnifat və qanunauyğunluqlar,Natural ədədlər üzrə qanunauyğunluqlar,1,10,,
Məntiq,9,Təsnifat və qanunauyğunluqlar,Nisbət və tənasüb,1,9,,
Məntiq,9,Təsnifat və qanunauyğunluqlar,Obyektlərin təsnif edilməsi,1,11,,
Məntiq,9,Təsnifat və qanunauyğunluqlar,Oxşar və fərqli əlamətlər,1,11,,
Məntiq,9,Təsnifat və qanunauyğunluqlar,Permutasiya və kombinasiya,1,7,,
Məntiq,9,Təsnifat və qanunauyğunluqlar,Rasional ədədlərlə mühakimə,1,10,,
Məntiq,9,Təsnifat və qanunauyğunluqlar,Sadə funksional asılılıqlar,1,22,,
Məntiq,9,Təsnifat və qanunauyğunluqlar,Sadə və mürəkkəb ədədlərin fərqləndirilməsi,1,9,,
Məntiq,9,Təsnifat və qanunauyğunluqlar,Sayma prinsipləri,1,7,,
Məntiq,9,Təsnifat və qanunauyğunluqlar,Şəkil və işarələrin mənasının müəyyən edilməsi,1,11,,
Məntiq,9,Təsnifat və qanunauyğunluqlar,Törəmə vasitəsilə funksiyanın araşdırılması,1,7,,
Məntiq,9,Təsnifat və qanunauyğunluqlar,Triqonometrik eyniliklərin əsaslandırılması,1,7,,
Məntiq,9,Təsnifat və qanunauyğunluqlar,Xətti funksiya və qrafik,1,9,,
Məntiq,9,Təsnifat və qanunauyğunluqlar,Xətti tənlik və tənliklər sistemi,1,9,,
Riyaziyyat,9,Ədədlər və hesab əməlləri,“Say” və “ədəd” anlayışları,1,5,,
Riyaziyyat,9,Ədədlər və hesab əməlləri,1 000 000 dairəsində ədədlər,1,5,,
Riyaziyyat,9,Ədədlər və hesab əməlləri,1 000 dairəsində hesab əməlləri,1,5,,
Riyaziyyat,9,Ədədlər və hesab əməlləri,10 000 dairəsində ədədlər,1,5,,
Riyaziyyat,9,Ədədlər və hesab əməlləri,100 dairəsində ədədlər,1,6,,
Riyaziyyat,9,Ədədlər və hesab əməlləri,100 dairəsində ədədlərin oxunması və yazılması,1,5,,
Riyaziyyat,9,Ədədlər və hesab əməlləri,100 dairəsində sayma,1,5,,
Riyaziyyat,9,Ədədlər və hesab əməlləri,100 dairəsində toplama və çıxma,1,6,,
Riyaziyyat,9,Ədədlər və hesab əməlləri,Adi kəsrlər,1,6,,
Riyaziyyat,9,Ədədlər və hesab əməlləri,Birləşmələr,1,5,,
Riyaziyyat,9,Ədədlər və hesab əməlləri,Bölmə əməlinin mənası,1,5,,
Riyaziyyat,9,Ədədlər və hesab əməlləri,Çoxhədlilər,1,6,,
Riyaziyyat,9,Ədədlər və hesab əməlləri,"Çoxhədlilərin toplanması, çıxılması və vurulması",1,6,,
Riyaziyyat,9,Ədədlər və hesab əməlləri,Çoxluqlar üzərində əməllər,1,5,,
Riyaziyyat,9,Ədədlər və hesab əməlləri,Ədəd oxu,1,5,,
Riyaziyyat,9,Ədədlər və hesab əməlləri,Ədədlərin mərtəbə qiyməti,1,6,,
Riyaziyyat,9,Ədədlər və hesab əməlləri,Ədədlərin müqayisəsi və sıralanması,1,5,,
Riyaziyyat,9,Ədədlər və hesab əməlləri,"Ədədlərin oxunması, yazılması və sıralanması",1,11,,
Riyaziyyat,9,Ədədlər və hesab əməlləri,Ədədlərin sıralanması və yuvarlaqlaşdırılması,1,5,,
Riyaziyyat,9,Ədədlər və hesab əməlləri,Ən böyük ortaq bölən,1,4,,
Riyaziyyat,9,Ədədlər və hesab əməlləri,Ən kiçik ortaq bölünən,1,4,,
Riyaziyyat,9,Ədədlər və hesab əməlləri,Hesab əməlləri arasındakı əlaqə,1,4,,
Riyaziyyat,9,Ədədlər və hesab əməlləri,Hesab əməllərinin xassələri,1,10,,
Riyaziyyat,9,Ədədlər və hesab əməlləri,Hesabi kvadrat kök,1,6,,
Riyaziyyat,9,Ədədlər və hesab əməlləri,Həqiqi ədədlər,1,6,,
Riyaziyyat,9,Ədədlər və hesab əməlləri,İrrasional ədədlər,1,6,,
Riyaziyyat,9,Ədədlər və hesab əməlləri,Kəsr anlayışı,1,4,,
Riyaziyyat,9,Ədədlər və hesab əməlləri,Kəsrlərin müqayisəsi,1,6,,
Riyaziyyat,9,Ədədlər və hesab əməlləri,"Kəsrlərin müqayisəsi, toplanması və çıxılması",1,5,,
Riyaziyyat,9,Ədədlər və hesab əməlləri,Kombinasiya,1,5,,
Riyaziyyat,9,Ədədlər və hesab əməlləri,Kompleks ədəd,1,5,,
Riyaziyyat,9,Ədədlər və hesab əməlləri,Kompleks ədədin cəbri şəkli,1,5,,
Riyaziyyat,9,Ədədlər və hesab əməlləri,Kompleks ədədin həndəsi təsviri,1,5,,
Riyaziyyat,9,Ədədlər və hesab əməlləri,Kompleks ədədin modulu,1,5,,
Riyaziyyat,9,Ədədlər və hesab əməlləri,Kvadrat kök,1,6,,
Riyaziyyat,9,Ədədlər və hesab əməlləri,Mərtəbə və sinif,1,5,,
Riyaziyyat,9,Ədədlər və hesab əməlləri,Natural ədədin sadə vuruqlara ayrılması,1,4,,
Riyaziyyat,9,Ədədlər və hesab əməlləri,Natural ədədlər üzərində hesab əməlləri,1,6,,
Riyaziyyat,9,Ədədlər və hesab əməlləri,Natural ədədlərin sıralanması və yuvarlaqlaşdırılması,1,6,,
Riyaziyyat,9,Ədədlər və hesab əməlləri,Nisbət,1,4,,
Riyaziyyat,9,Ədədlər və hesab əməlləri,Onluq kəsr,1,5,,
Riyaziyyat,9,Ədədlər və hesab əməlləri,Permutasiya,1,5,,
Riyaziyyat,9,Ədədlər və hesab əməlləri,Qoşma kompleks ədədlər,1,5,,
Riyaziyyat,9,Ədədlər və hesab əməlləri,Rasional ədədlər,1,6,,
Riyaziyyat,9,Ədədlər və hesab əməlləri,Rasional ədədlər üzərində əməllər,1,6,,
Riyaziyyat,9,Ədədlər və hesab əməlləri,Rasional ədədlərin müqayisəsi və sıralanması,1,6,,
Riyaziyyat,9,Ədədlər və hesab əməlləri,Rasional ifadələr,1,6,,
Riyaziyyat,9,Ədədlər və hesab əməlləri,Sadə və mürəkkəb ədədlər,1,4,,
Riyaziyyat,9,Ədədlər və hesab əməlləri,Tam ədədlər,1,4,,
Riyaziyyat,9,Ədədlər və hesab əməlləri,Tam ədədlər üzərində əməllər,1,4,,
Riyaziyyat,9,Ədədlər və hesab əməlləri,Tam üstlü qüvvət,1,6,,
Riyaziyyat,9,Ədədlər və hesab əməlləri,Toplama və çıxma əməlləri,1,5,,
Riyaziyyat,9,Ədədlər və hesab əməlləri,Toplama və vurma prinsipləri,1,5,,
Riyaziyyat,9,Ədədlər və hesab əməlləri,Trilyon dairəsində natural ədədlər,1,6,,
Riyaziyyat,9,Ədədlər və hesab əməlləri,Vurma əməlinin mənası,1,5,,
Riyaziyyat,9,Ədədlər və hesab əməlləri,Xətti tənlik,1,6,,
Riyaziyyat,9,Ədədlər və hesab əməlləri,Xəyali vahid,1,5,,
Riyaziyyat,9,Ədədlər və hesab əməlləri,Yerləşmə,1,5,,
Riyaziyyat,9,Həndəsə və ölçmə,Bucaq və çevrə,3,4,,
Riyaziyyat,9,Həndəsə və ölçmə,Bucaqlar,3,4,,
Riyaziyyat,9,Həndəsə və ölçmə,Bucaqların təsnifatı,3,4,,
Riyaziyyat,9,Həndəsə və ölçmə,Çoxluq anlayışı,3,4,,
Riyaziyyat,9,Həndəsə və ölçmə,Çoxluqlar arasındakı münasibətlər,3,4,,
Riyaziyyat,9,Həndəsə və ölçmə,Dairə sektorunun sahəsi,3,4,,
Riyaziyyat,9,Həndəsə və ölçmə,Dairə seqmentinin sahəsi,3,4,,
Riyaziyyat,9,Həndəsə və ölçmə,Dəyişənin verilmiş qiymətində ifadənin qiyməti,3,4,,
Riyaziyyat,9,Həndəsə və ölçmə,Dördbucaqlı və üçbucaqların xassələri,3,4,,
Riyaziyyat,9,Həndəsə və ölçmə,Düz xəttin tənliyi,3,4,,
Riyaziyyat,9,Həndəsə və ölçmə,Əşyaların qruplaşdırılması,3,5,,
Riyaziyyat,9,Həndəsə və ölçmə,Əşyanın yeri və hərəkət istiqaməti,3,5,,
Riyaziyyat,9,Həndəsə və ölçmə,Fəza fiqurları,3,18,,
Riyaziyyat,9,Həndəsə və ölçmə,Fəza koordinat sistemi,3,4,,
Riyaziyyat,9,Həndəsə və ölçmə,Fiqurların çevrilməsi,3,4,,
Riyaziyyat,9,Həndəsə və ölçmə,Funksional asılılıqlar,3,4,,
Riyaziyyat,9,Həndəsə və ölçmə,Funksiya və funksiyanın xassələri,3,5,,
Riyaziyyat,9,Həndəsə və ölçmə,Funksiyanın ekstremumları,3,4,,
Riyaziyyat,9,Həndəsə və ölçmə,Funksiyanın qrafikinin araşdırılması,3,4,,
Riyaziyyat,9,Həndəsə və ölçmə,Həndəsi qurmalar,3,4,,
Riyaziyyat,9,Həndəsə və ölçmə,Hərəkətə dair məsələlər,3,4,,
Riyaziyyat,9,Həndəsə və ölçmə,İbtidai funksiya,3,4,,
Riyaziyyat,9,Həndəsə və ölçmə,Kəmiyyətlər arasındakı əlaqə,3,5,,
Riyaziyyat,9,Həndəsə və ölçmə,Kəsən və vətərin xassələri,3,4,,
Riyaziyyat,9,Həndəsə və ölçmə,Koordinat şəbəkəsi,3,4,,
Riyaziyyat,9,Həndəsə və ölçmə,Kütlə,3,5,,
Riyaziyyat,9,Həndəsə və ölçmə,Loqarifmik funksiya,3,5,,
Riyaziyyat,9,Həndəsə və ölçmə,Müəyyən və qeyri-müəyyən inteqral,3,4,,
Riyaziyyat,9,Həndəsə və ölçmə,Müstəvi fiqurlar,3,10,,
Riyaziyyat,9,Həndəsə və ölçmə,Müstəvi fiqurların sahəsi,3,4,,
Riyaziyyat,9,Həndəsə və ölçmə,Müstəvi fiqurların təsnifatı,3,4,,
Riyaziyyat,9,Həndəsə və ölçmə,"Nöqtə, düz xətt və şüa",3,4,,
Riyaziyyat,9,Həndəsə və ölçmə,Nyuton–Leybnis düsturu,3,4,,
Riyaziyyat,9,Həndəsə və ölçmə,Ölçü vahidləri arasında çevirmələr,3,4,,
Riyaziyyat,9,Həndəsə və ölçmə,Oxşar fiqurlar və üçbucaqların oxşarlığı,3,4,,
Riyaziyyat,9,Həndəsə və ölçmə,Perimetr,3,4,,
Riyaziyyat,9,Həndəsə və ölçmə,Pifaqor teoremi,3,4,,
Riyaziyyat,9,Həndəsə və ölçmə,Qövsün uzunluğu,3,4,,
Riyaziyyat,9,Həndəsə və ölçmə,Sadə bərabərsizliklər,3,4,,
Riyaziyyat,9,Həndəsə və ölçmə,Sadə tənliklər,3,4,,
Riyaziyyat,9,Həndəsə və ölçmə,Sahə,3,4,,
Riyaziyyat,9,Həndəsə və ölçmə,Simmetriya,3,4,,
Riyaziyyat,9,Həndəsə və ölçmə,Sürüşmə,3,4,,
Riyaziyyat,9,Həndəsə və ölçmə,Tənlik və bərabərsizliklər,3,5,,
Riyaziyyat,9,Həndəsə və ölçmə,Triqonometrik funksiyaların qrafikləri,3,5,,
Riyaziyyat,9,Həndəsə və ölçmə,Üçbucaqlar,3,4,,
Riyaziyyat,9,Həndəsə və ölçmə,Üçbucaqların konqruyentliyi,3,4,,
Riyaziyyat,9,Həndəsə və ölçmə,Üstlü funksiya,3,5,,
Riyaziyyat,9,Həndəsə və ölçmə,Uzunluq,3,10,,
Riyaziyyat,9,"Kəsrlər, cəbr və funksional əlaqələr",20 dairəsində toplama və çıxma,2,5,,
Riyaziyyat,9,"Kəsrlər, cəbr və funksional əlaqələr",Bərabərsizlik və tənlik haqqında ilkin təsəvvür,2,5,,
Riyaziyyat,9,"Kəsrlər, cəbr və funksional əlaqələr",Bərabərsizliklər,2,4,,
Riyaziyyat,9,"Kəsrlər, cəbr və funksional əlaqələr",Çevrədə bucaqlar,2,4,,
Riyaziyyat,9,"Kəsrlər, cəbr və funksional əlaqələr",Çoxhədlilərin kökləri,2,5,,
Riyaziyyat,9,"Kəsrlər, cəbr və funksional əlaqələr",Düz mütənasiblik,2,4,,
Riyaziyyat,9,"Kəsrlər, cəbr və funksional əlaqələr",Düz xətlə çevrənin qarşılıqlı vəziyyəti,2,4,,
Riyaziyyat,9,"Kəsrlər, cəbr və funksional əlaqələr",Düz xətlərin qarşılıqlı vəziyyəti,2,4,,
Riyaziyyat,9,"Kəsrlər, cəbr və funksional əlaqələr",Düzbucaqlı üçbucaq,2,4,,
Riyaziyyat,9,"Kəsrlər, cəbr və funksional əlaqələr",Ədədi arqumentin triqonometrik funksiyaları,2,5,,
Riyaziyyat,9,"Kəsrlər, cəbr və funksional əlaqələr",Ədədi ifadələr,2,5,,
Riyaziyyat,9,"Kəsrlər, cəbr və funksional əlaqələr",Ədədi ifadələrin müqayisəsi,2,9,,
Riyaziyyat,9,"Kəsrlər, cəbr və funksional əlaqələr",Faiz,2,8,,
Riyaziyyat,9,"Kəsrlər, cəbr və funksional əlaqələr",Funksiya və funksional asılılıq,2,4,,
Riyaziyyat,9,"Kəsrlər, cəbr və funksional əlaqələr",Funksiyanın kəsilməzliyi,2,4,,
Riyaziyyat,9,"Kəsrlər, cəbr və funksional əlaqələr",Funksiyanın limiti,2,5,,
Riyaziyyat,9,"Kəsrlər, cəbr və funksional əlaqələr",Hesab əməllərinin məsələlərdə tətbiqi,2,5,,
Riyaziyyat,9,"Kəsrlər, cəbr və funksional əlaqələr",Həqiqi üstlü qüvvət,2,5,,
Riyaziyyat,9,"Kəsrlər, cəbr və funksional əlaqələr",İki çevrənin qarşılıqlı vəziyyəti,2,4,,
Riyaziyyat,9,"Kəsrlər, cəbr və funksional əlaqələr",Kəsrlər üzərində əməllər,2,6,,
Riyaziyyat,9,"Kəsrlər, cəbr və funksional əlaqələr",Kəsrlərin modelləşdirilməsi və müqayisəsi,2,4,,
Riyaziyyat,9,"Kəsrlər, cəbr və funksional əlaqələr",Kvadrat tənlik,2,4,,
Riyaziyyat,9,"Kəsrlər, cəbr və funksional əlaqələr",Limitin xassələri,2,4,,
Riyaziyyat,9,"Kəsrlər, cəbr və funksional əlaqələr",Loqarifm,2,5,,
Riyaziyyat,9,"Kəsrlər, cəbr və funksional əlaqələr",Müəyyən əlamətlərə görə dəyişikliklər,2,5,,
Riyaziyyat,9,"Kəsrlər, cəbr və funksional əlaqələr",Onluq kəsrlər,2,6,,
Riyaziyyat,9,"Kəsrlər, cəbr və funksional əlaqələr",Onluq kəsrlər üzərində əməllər,2,4,,
Riyaziyyat,9,"Kəsrlər, cəbr və funksional əlaqələr",Onluq kəsrlərin müqayisəsi,2,5,,
Riyaziyyat,9,"Kəsrlər, cəbr və funksional əlaqələr",Onluq kəsrlərin toplanması və çıxılması,2,5,,
Riyaziyyat,9,"Kəsrlər, cəbr və funksional əlaqələr",Rasional ifadələr üzərində əməllər,2,4,,
Riyaziyyat,9,"Kəsrlər, cəbr və funksional əlaqələr",Rasional tənlik,2,4,,
Riyaziyyat,9,"Kəsrlər, cəbr və funksional əlaqələr",Riyazi ifadə,2,4,,
Riyaziyyat,9,"Kəsrlər, cəbr və funksional əlaqələr",Riyazi ifadələr,2,12,,
Riyaziyyat,9,"Kəsrlər, cəbr və funksional əlaqələr",Sadə bərabərsizlik,2,4,,
Riyaziyyat,9,"Kəsrlər, cəbr və funksional əlaqələr",Sadə ədədi ifadələr,2,5,,
Riyaziyyat,9,"Kəsrlər, cəbr və funksional əlaqələr",Sadə funksional asılılıqlar,2,8,,
Riyaziyyat,9,"Kəsrlər, cəbr və funksional əlaqələr",Sadə məsələlərin həlli,2,5,,
Riyaziyyat,9,"Kəsrlər, cəbr və funksional əlaqələr",Sadə tənliklər,2,4,,
Riyaziyyat,9,"Kəsrlər, cəbr və funksional əlaqələr",Sadə tənliklər və bərabərsizliklər,2,4,,
Riyaziyyat,9,"Kəsrlər, cəbr və funksional əlaqələr",Sadə tənliklərin həlli,2,4,,
Riyaziyyat,9,"Kəsrlər, cəbr və funksional əlaqələr",Tənasüb,2,4,,
Riyaziyyat,9,"Kəsrlər, cəbr və funksional əlaqələr",Tənlik,2,4,,
Riyaziyyat,9,"Kəsrlər, cəbr və funksional əlaqələr",Tənlik haqqında ilkin təsəvvür,2,5,,
Riyaziyyat,9,"Kəsrlər, cəbr və funksional əlaqələr",Tərs mütənasiblik,2,4,,
Riyaziyyat,9,"Kəsrlər, cəbr və funksional əlaqələr",Törəmə,2,4,,
Riyaziyyat,9,"Kəsrlər, cəbr və funksional əlaqələr",Törəmənin həndəsi və fiziki mənası,2,4,,
Riyaziyyat,9,"Kəsrlər, cəbr və funksional əlaqələr",Triqonometrik çevirmə və toplama düsturları,2,5,,
Riyaziyyat,9,"Kəsrlər, cəbr və funksional əlaqələr",Triqonometrik eyniliklər,2,5,,
Riyaziyyat,9,"Kəsrlər, cəbr və funksional əlaqələr",Vurma və bölmənin modelləşdirilməsi,2,5,,
Riyaziyyat,9,"Kəsrlər, cəbr və funksional əlaqələr",Xətti funksiya,2,4,,
Riyaziyyat,9,"Kəsrlər, cəbr və funksional əlaqələr",Xətti tənliklər sistemi,2,4,,
Riyaziyyat,9,"Məlumatlar, ehtimal və tətbiqi məsələlər","“Ola bilməz”, “ola bilər”, “mütləq” və “yəqin ki” hadisələri",4,4,,
Riyaziyyat,9,"Məlumatlar, ehtimal və tətbiqi məsələlər",Asılı olmayan hadisələrin ehtimalı,4,4,,
Riyaziyyat,9,"Məlumatlar, ehtimal və tətbiqi məsələlər",Bucağın tənböləni,4,4,,
Riyaziyyat,9,"Məlumatlar, ehtimal və tətbiqi məsələlər","Büdcə, gəlir, xərc və qazanc",4,4,,
Riyaziyyat,9,"Məlumatlar, ehtimal və tətbiqi məsələlər",Çoxüzlülər,4,4,,
Riyaziyyat,9,"Məlumatlar, ehtimal və tətbiqi məsələlər",Çoxüzlülərin səthinin sahəsi və həcmi,4,4,,
Riyaziyyat,9,"Məlumatlar, ehtimal və tətbiqi məsələlər",Dekart koordinat sistemi,4,4,,
Riyaziyyat,9,"Məlumatlar, ehtimal və tətbiqi məsələlər",Ehtimala aid məsələlər,4,4,,
Riyaziyyat,9,"Məlumatlar, ehtimal və tətbiqi məsələlər",Elementar hadisənin ehtimalı,4,4,,
Riyaziyyat,9,"Məlumatlar, ehtimal və tətbiqi məsələlər","Fəzada nöqtə, düz xətt və müstəvi",4,4,,
Riyaziyyat,9,"Məlumatlar, ehtimal və tətbiqi məsələlər",Fəzada vektorlar,4,4,,
Riyaziyyat,9,"Məlumatlar, ehtimal və tətbiqi məsələlər",Fırlanma cisimləri,4,4,,
Riyaziyyat,9,"Məlumatlar, ehtimal və tətbiqi məsələlər",Fırlanma cisimlərinin səthinin sahəsi və həcmi,4,4,,
Riyaziyyat,9,"Məlumatlar, ehtimal və tətbiqi məsələlər",Həcm,4,4,,
Riyaziyyat,9,"Məlumatlar, ehtimal və tətbiqi məsələlər",Həndəsi qurmalar,4,8,,
Riyaziyyat,9,"Məlumatlar, ehtimal və tətbiqi məsələlər",Koordinat həndəsəsi,4,4,,
Riyaziyyat,9,"Məlumatlar, ehtimal və tətbiqi məsələlər",Kuboidin həcmi,4,4,,
Riyaziyyat,9,"Məlumatlar, ehtimal və tətbiqi məsələlər",Kütlə,4,4,,
Riyaziyyat,9,"Məlumatlar, ehtimal və tətbiqi məsələlər","Məlumatların toplanması, təsviri və təhlili",4,21,,
Riyaziyyat,9,"Məlumatlar, ehtimal və tətbiqi məsələlər",Müstəvi fiqurların sahəsi,4,4,,
Riyaziyyat,9,"Məlumatlar, ehtimal və tətbiqi məsələlər",Nəzəri və eksperimental ehtimal,4,4,,
Riyaziyyat,9,"Məlumatlar, ehtimal və tətbiqi məsələlər",Perimetr və sahə,4,4,,
Riyaziyyat,9,"Məlumatlar, ehtimal və tətbiqi məsələlər",Perimetr və sahə düsturları,4,4,,
Riyaziyyat,9,"Məlumatlar, ehtimal və tətbiqi məsələlər",Pul və alış-veriş,4,9,,
Riyaziyyat,9,"Məlumatlar, ehtimal və tətbiqi məsələlər","Qiymət, miqdar və məbləğ",4,4,,
Riyaziyyat,9,"Məlumatlar, ehtimal və tətbiqi məsələlər","Silindr, konus və kürə",4,4,,
Riyaziyyat,9,"Məlumatlar, ehtimal və tətbiqi məsələlər",Simmetriya və sürüşmə,4,4,,
Riyaziyyat,9,"Məlumatlar, ehtimal və tətbiqi məsələlər",Tam ehtimal düsturu,4,4,,
Riyaziyyat,9,"Məlumatlar, ehtimal və tətbiqi məsələlər",Tamamlayıcı hadisələr,4,4,,
Riyaziyyat,9,"Məlumatlar, ehtimal və tətbiqi məsələlər",Triqonometrik nisbətlər,4,4,,
Riyaziyyat,9,"Məlumatlar, ehtimal və tətbiqi məsələlər",Tutum,4,10,,
Riyaziyyat,9,"Məlumatlar, ehtimal və tətbiqi məsələlər","Uzunluq, kütlə və tutum",4,4,,
Riyaziyyat,9,"Məlumatlar, ehtimal və tətbiqi məsələlər",Vaxt və keçən zaman,4,6,,
Riyaziyyat,9,"Məlumatlar, ehtimal və tətbiqi məsələlər",Vaxt və müddət,4,4,,
Riyaziyyat,9,"Məlumatlar, ehtimal və tətbiqi məsələlər",Zaman,4,8,,
